FLUENCIA;;;Kpsi;;40;;55;55;65;80;;80;;90;;95;;95;;110;;125;;80;;95;;110;;140;;80;;95;;95;;110;;;;;;;;;;;
RESISTENCIA;;;Kpsi;;60;;75;95;85;95;;100;;100;;105;;105;;125;;135;;100;;110;;125;;150;;95;;105;;105;;115;;;;;;;;;;;
"TUBO DE REVESTIMIENTO
CASING";;;;;;;;;;;;;;;;;;;;;;;;;;;;;;;;;;;;;;;;;;;;;;;;;
;D.E.;PESO;;DIMENSIONES;;;;;;;PROPIEDADES MECANICAS;;;;GRADO DE ACERO;;;;;;;;;;;;;;;;;;;;;;;;;;;;;;;;;;
;;;;ESP.;;"D.I.     DRIFT   DRIFT   AREA
ALT.   TRANS.";;;;;;;;;API;;;;;;;;;;;;;;;;;;;;;;ALTO COLAPSO;;;;;;"RESISTENTE
A LA CORROSION";;;;;;
;pulg;lb/pie;;pulg;;pulg       pulg      pulg      pulg2;;;;;;;;;H40;;J55;;K55;;M65;;L80;;N80;;C90;;C95;;T95;;P110;;Q125;;TAC80;;TAC95   TAC110   TAC140;;;;TRC80;TRC95;TRC95HC;TRC110;;;
;4 1/2;15.10;;0.337;;3.826   3.701                  4.407;;;;;Colapso-psi;;;;;;;;;;;;;;;;;;;;14340;;15830;;11820;;14100;;16180;18790;11080;12760;14100;14340;;;
;;;;;;;;;;;Tension-klb;;;;;;;;;;;;;;;;;;;;485;;551;;353;;419;;485;617;353;419;419;485;;;
;;;;;;;;;;;PInterna-psi;;;;;;;;;;;;;;;;;;;;14420;;16380;;10480;;12450;;14420;18350;10480;12450;12450;14420;;;
;;;;;;;;;;;PPrueba-psi;;;;;;;;;;;;;;;;;;;;10000;;10000;;10000;;10000;;10000;10000;9600;10000;10000;10000;;;
;5;11.50;;0.220;;4.560   4.435                  3.304;;;;;Colapso-psi;;;;3060;;3060;;3290;;;;;;;;;;;;;;;;;;;;;;3560;3900;;;;;
;;;;;;;;;;;Tension-klb;;;;182;;182;;215;;;;;;;;;;;;;;;;;;;;;;264;314;;;;;
;;;;;;;;;;;PInterna-psi;;;;4240;;4240;;5010;;;;;;;;;;;;;;;;;;;;;;6160;7320;;;;;
;;;;;;;;;;;PPrueba-psi;;;;3900;;3900;;4600;;;;;;;;;;;;;;;;;;;;;;5600;6700;;;;;
;;13.00;;0.253;;4.494    4.369                  3.773;;;;;Colapso-psi;;;;4140;;4140;;4590;;;;;;;;;;;;;;;;;;;;;;5140;5560;;;;;
;;;;;;;;;;;Tension-klb;;;;208;;208;;245;;;;;;;;;;;;;;;;;;;;;;302;358;;;;;
;;;;;;;;;;;PInterna-psi;;;;4870;;4870;;5760;;;;;;;;;;;;;;;;;;;;;;7080;8410;;;;;
;;;;;;;;;;;PPrueba-psi;;;;4500;;4500;;5300;;;;;;;;;;;;;;;;;;;;;;6500;7700;;;;;
;;15.00;;0.296;;4.408    4.283                  4.374;;;;;Colapso-psi;;;;5560;;5560;;6280;;7250;;7250;;7830;;8110;;8110;;8850;;;;8870;;10020;;11490;12770;7250;8110;10020;8850;;;
;;;;;;;;;;;Tension-klb;;;;241;;241;;284;;350;;350;;394;;416;;416;;481;;;;350;;416;;481;612;350;416;416;481;;;
;;;;;;;;;;;PInterna-psi;;;;5700;;5700;;6730;;8290;;8290;;9320;;9840;;9840;;11400;;;;8290;;9840;;11400;14500;8290;9840;9840;11400;;;
;;;;;;;;;;;PPrueba-psi;;;;5200;;5200;;6200;;7600;;7600;;8500;;9000;;9000;;10000;;;;7600;;9000;;10000;10000;7900;9000;9000;10000;;;
;;18.00;;0.362;4.276;;4.151;;;;5.275;;Colapso-psi;;;;;;;;8730;;10490;;10490;;11520;;12030;;12030;;13470;;14820;;11370;;13440;;15540;17840;10490;12030;13460;13470;
;;;;;;;;;;;;;Tension-klb;;;;;;;;343;;422;;422;;475;;501;;501;;580;;659;;422;;501;;580;738;422;501;501;580;
;;;;;;;;;;;;;PInterna-psi;;;;;;;;8240;;10140;;10140;;11400;;12040;;12040;;13940;;15840;;10140;;12040;;13940;17740;10140;12040;12040;13940;
;;;;;;;;;;;;;PPrueba-psi;;;;;;;;7500;;9300;;9300;;10000;;10000;;10000;;10000;;10000;;9300;;10000;;10000;10000;9300;10000;10000;10000;
;;21.40;;0.437;4.126;;4.001;;;;6.264;;Colapso-psi;;;;;;;;10370;;12760;;12760;;14360;;15150;;15150;;17550;;19940;;14050;;17340;;19400;22270;12760;15150;17350;17550;
;;;;;;;;;;;;;Tension-klb;;;;;;;;407;;501;;501;;564;;595;;595;;689;;783;;501;;595;;689;877;501;595;595;689;
;;;;;;;;;;;;;PInterna-psi;;;;;;;;9940;;12240;;12240;;13770;;14530;;14530;;16820;;19120;;12240;;14530;;16820;21410;12240;14530;14530;16820;
;;;;;;;;;;;;;PPrueba-psi;;;;;;;;9100;;10000;;10000;;10000;;10000;;10000;;10000;;10000;;10000;;10000;;10000;10000;10000;10000;10000;10000;
;;23.20;;0.478;4.044;;3.919;;;;6.791;;Colapso-psi;;;;;;;;;;13830;;13830;;15560;;16430;;16430;;19020;;21620;;15500;;19480;;21510;24160;13830;16430;19490;19020;
;;;;;;;;;;;;;Tension-klb;;;;;;;;;;543;;543;;611;;645;;645;;747;;849;;543;;645;;747;951;543;645;645;747;
;;;;;;;;;;;;;PInterna-psi;;;;;;;;;;13380;;13380;;15060;;15890;;15890;;18400;;20910;;13380;;15890;;18400;23420;13380;15890;15890;18400;
;;;;;;;;;;;;;PPrueba-psi;;;;;;;;;;10000;;10000;;10000;;10000;;10000;;10000;;10000;;10000;;10000;;10000;10000;10000;10000;10000;10000;
;;24.10;;0.500;4.000;;3.875;;;;7.069;;Colapso-psi;;;;;;;;;;14400;;14400;;16200;;17100;;17100;;19800;;22500;;16270;;20260;;22630;25120;14400;17100;20630;19800;
;;;;;;;;;;;;;Tension-klb;;;;;;;;;;565;;565;;636;;672;;672;;778;;884;;565;;672;;778;990;565;672;672;778;
;;;;;;;;;;;;;PInterna-psi;;;;;;;;;;14000;;14000;;15750;;16630;;16630;;19250;;21880;;14000;;16630;;19250;24500;14000;16630;16630;19250;
;;;;;;;;;;;;;PPrueba-psi;;;;;;;;;;10000;;10000;;10000;;10000;;10000;;10000;;10000;;10000;;10000;;10000;10000;10000;10000;10000;10000;
;5 1/2;14.00;;0.244;;5.012;;4.887;;;;4.029;;Colapso-psi;;2620;;3120;;3120;;3360;;;;;;;;;;;;;;;;;;;;;;3620;3970;;
;;;;;;;;;;;;;;Tension-klb;;161;;222;;222;;262;;;;;;;;;;;;;;;;;;;;;;322;383;;
;;;;;;;;;;;;;;PInterna-psi;;3110;;4270;;4270;;5050;;;;;;;;;;;;;;;;;;;;;;6210;7380;;
;;;;;;;;;;;;;;PPrueba-psi;;2800;;3900;;3900;;4600;;;;;;;;;;;;;;;;;;;;;;5700;6700;;
;;15.50;;0.275;;4.950;;4.825;;;;4.514;;Colapso-psi;;;;4040;;4040;;4470;;;;;;;;;;;;;;;;;;;;;;4990;5380;;
;;;;;;;;;;;;;;Tension-klb;;;;248;;248;;293;;;;;;;;;;;;;;;;;;;;;;361;429;;
;;;;;;;;;;;;;;PInterna-psi;;;;4810;;4810;;5690;;;;;;;;;;;;;;;;;;;;;;7000;8310;;
;;;;;;;;;;;;;;PPrueba-psi;;;;4400;;4400;;5200;;;;;;;;;;;;;;;;;;;;;;6400;7600;;
;;17.00;;0.304;;4.892;;4.767;;;;4.962;;Colapso-psi;;;;4910;;4910;;5500;;6290;;6290;;6740;;6940;;6940;;7480;;;;8070;;8990;;10030;11140;6290;6940;8990;7480
;;;;;;;;;;;;;;Tension-klb;;;;273;;273;;323;;397;;397;;447;;471;;471;;546;;;;397;;471;;546;695;397;471;471;546
;;;;;;;;;;;;;;PInterna-psi;;;;5320;;5320;;6290;;7740;;7740;;8710;;9190;;9190;;10640;;;;7740;;9190;;10640;13540;7740;9190;9190;10640
;;;;;;;;;;;;;;PPrueba-psi;;;;4900;;4900;;5700;;7100;;7100;;8000;;8400;;8400;;9700;;;;7100;;8400;;9700;10000;7100;8400;8400;9700
;;20.00;;0.361;;4.778;;4.653;;;;5.828;;Colapso-psi;;;;;;;;7540;;8830;;8830;;9630;;10020;;10020;;11100;;;;10130;;11690;;13840;15280;8830;10020;11700;11100
;;;;;;;;;;;;;;Tension-klb;;;;;;;;379;;466;;466;;525;;554;;554;;641;;;;466;;554;;641;816;466;554;554;641
;;;;;;;;;;;;;;PInterna-psi;;;;;;;;7470;;9190;;9190;;10340;;10910;;10910;;12640;;;;9190;;10910;;12640;16080;9190;10910;10910;12640
;;;;;;;;;;;;;;PPrueba-psi;;;;;;;;6800;;8400;;8400;;9500;;10000;;10000;;10000;;;;8400;;10000;;10000;10000;8400;10000;10000;10000
;;23.00;;0.415;4.670;;4.545;;;;6.630;;Colapso-psi;;;;;;;;9070;;11160;;11160;;12380;;12930;;12930;;14540;;16060;;11920;;14250;;16330;19000;11160;12930;14250;14540;
;;;;;;;;;;;;;Tension-klb;;;;;;;;431;;530;;530;;597;;630;;630;;729;;829;;530;;630;;729;928;530;630;630;729;
;;;;;;;;;;;;;PInterna-psi;;;;;;;;8580;;10560;;10560;;11880;;12540;;12540;;14530;;16510;;10560;;12540;;14530;18490;10560;12540;12540;14530;
;;;;;;;;;;;;;PPrueba-psi;;;;;;;;7800;;9700;;9700;;10000;;10000;;10000;;10000;;10000;;9700;;10000;;10000;10000;10000;10000;10000;10000;
;6 5/8;20.00;;0.288;6.049;;5.924;;;;5.734;;Colapso-psi;;2520;;2970;;2970;;3190;;;;;;;;;;;;;;;;;;;;;;3470;3790;;4030;
;;;;;;;;;;;;;Tension-klb;;229;;315;;315;;373;;;;;;;;;;;;;;;;;;;;;;459;545;;631;
;;;;;;;;;;;;;PInterna-psi;;3040;;4180;;4180;;4940;;;;;;;;;;;;;;;;;;;;;;6090;7230;;8370;
;;;;;;;;;;;;;PPrueba-psi;;2800;;3800;;3800;;4500;;;;;;;;;;;;;;;;;;;;;;5600;6600;;7650;
;;24.00;;0.352;5.921;;5.796;;;;6.937;;Colapso-psi;;;;4560;;4560;;5080;;5760;;5760;;6140;;6310;;6310;;6730;;;;7600;;8480;;9240;10190;5760;6310;8490;6730;
;;;;;;;;;;;;;Tension-klb;;;;382;;382;;451;;555;;555;;624;;659;;659;;763;;;;555;;659;;763;971;555;659;659;763;
;;;;;;;;;;;;;PInterna-psi;;;;5110;;5110;;6040;;7440;;7440;;8370;;8830;;8830;;10230;;;;7440;;8830;;10230;13017;7440;8830;8830;10230;
;;;;;;;;;;;;;PPrueba-psi;;;;4700;;4700;;5500;;6800;;6800;;7700;;8100;;8100;;9400;;;;6800;;8100;;9400;10000;6800;8100;8100;9600;
;;28.00;;0.417;5.791;;5.666;;;;8.133;;Colapso-psi;;;;;;;;7010;;8170;;8170;;8880;;9220;;9220;;10160;;;;9590;;10980;;12850;14230;8170;9220;10990;10160;
;;;;;;;;;;;;;Tension-klb;;;;;;;;529;;651;;651;;732;;773;;773;;895;;;;651;;773;;895;1139;651;773;773;895;
;;;;;;;;;;;;;PInterna-psi;;;;;;;;7160;;8810;;8810;;9910;;10460;;10460;;12120;;;;8810;;10460;;12120;15421;8810;10460;10460;12120;
;;;;;;;;;;;;;PPrueba-psi;;;;;;;;6500;;8100;;8100;;9100;;10000;;10000;;10000;;;;8100;;10000;;11080;10000;8100;10000;10000;10000;
;;32.00;;0.475;;5.675;;5.550;;9.177;;;Colapso-psi;;10320   10320   11330   11820   11820   13220   14540;;;;;;;;;;;;;;;;;;;;;;11240;;13250;;15360;17570;10320;11820   13270;13220;;
;;;;;;;;;;;;;Tension-klb;;;;;;;;;;734;;734;;826;;872;;872;;1010;;1147;;734;;872;;1010;1285;734;872        872;1010;;
;;;;;;;;;;;;;PInterna-psi;;10040   10040   11290   11920   11920   13800   15680;;;;;;;;;;;;;;;;;;;;;;10040;;11920;;13800;17570;10040;11920   11920;13800;;
;;;;;;;;;;;;;PPrueba-psi;;;;;;;;;;9200;;9200   10000   10000   10000   10000   10000;;;;;;;;;;;;10000;;10000;;10000;10000;9200;10000   10000;10000;;
;7;17.00;;0.231;;6.538;;6.413;;4.912;;;Colapso-psi;;1420;;;;;;;;;;;;;;;;;;;;;;;;;;;;;;;;
;;;;;;;;;;;;;Tension-klb;;196;;;;;;;;;;;;;;;;;;;;;;;;;;;;;;;;
;;;;;;;;;;;;;PInterna-psi;;2310;;;;;;;;;;;;;;;;;;;;;;;;;;;;;;;;
;;;;;;;;;;;;;PPrueba-psi;;2100;;;;;;;;;;;;;;;;;;;;;;;;;;;;;;;;
;;20.00;;0.272;;6.456;;6.331;;5.749;;;Colapso-psi;;1970;;2270;;2270;;2480;;;;;;;;;;;;;;;;;;;;;;;;;;
;;;;;;;;;;;;;Tension-klb;;230;;316;;316;;374;;;;;;;;;;;;;;;;;;;;;;;;;;
;;;;;;;;;;;;;PInterna-psi;;2720;;3740;;3740;;4420;;;;;;;;;;;;;;;;;;;;;;;;;;
;;;;;;;;;;;;;PPrueba-psi;;2500;;3400;;3400;;4000;;;;;;;;;;;;;;;;;;;;;;;;;;
;;23.00;;0.317;;6.366;;6.241;;6.250   6.656;;;Colapso-psi;;;;3270;;3270;;3540;;3830;;3830;;4030;;4140;;4140;;;;;;;;;;;;3830;4140     5910;4440;;
;;;;;;;;;;;;;Tension-klb;;;;366;;366;;433;;532;;532;;599;;632;;632;;;;;;;;;;;;532;632        632;732;;
;;;;;;;;;;;;;PInterna-psi;;;;4360;;4360;;5150;;6340;;6340;;7130;;7530;;7530;;;;;;;;;;;;6340;7530     7530;8720;;
;;;;;;;;;;;;;PPrueba-psi;;;;4000;;4000;;4700;;5800;;5800;;6500;;6900;;6900;;;;;;;;;;;;5800;6900     6900;8000;;
;;26.00;;0.362;6.276;;6.151;;;;7.549;;Colapso-psi;;;;4330;;4330;;4810;;5410;;5410;;5740;;5890;;5890;;6230;;;;7260;;8090;;8710;9590;5410;5890;8110;6230;
;;;;;;;;;;;;;Tension-klb;;;;415;;415;;491;;604;;604;;679;;717;;717;;830;;;;604;;717;;830;1057;604;717;717;830;
;;;;;;;;;;;;;PInterna-psi;;;;4980;;4980;;5880;;7240;;7240;;8150;;8600;;8600;;9960;;;;7240;;8600;;9960;12670;7240;8600;8600;9960;
;;;;;;;;;;;;;PPrueba-psi;;;;4600;;4600;;5400;;6600;;6600;;7400;;7900;;7900;;9100;;;;6600;;7900;;9100;10000;6600;7900;7900;9100;
;;29.00;;0.408;6.184;;6.059;;;;8.449;;Colapso-psi;;;;;;;;6100;;7030;;7030;;7580;;7840;;7840;;8530;;;;8690;;9780;;11140;12390;7030;7840;9780;8530;
;;;;;;;;;;;;;Tension-klb;;;;;;;;549;;676;;676;;760;;803;;803;;929;;;;676;;803;;929;1183;676;803;803;929;
;;;;;;;;;;;;;PInterna-psi;;;;;;;;6630;;8160;;8160;;9180;;9690;;9690;;11220;;;;8160;;9690;;11220;14280;8160;9690;9690;11220;
;;;;;;;;;;;;;PPrueba-psi;;;;;;;;6100;;7500;;7500;;8400;;8900;;8900;;10000;;;;7500;;8900;;10000;10000;7500;8900;8900;10000;
;;32.00;;0.453;6.094;;5.969;;6.000;;9.317;;Colapso-psi;;;;;;;;7360;;8600;;8600;;9380;;9740;;9740;;10780;;;;9950;;11450;;13510;14930;8600;9740;11450;10780;
;;;;;;;;;;;;;Tension-klb;;;;;;;;606;;745;;745;;839;;885;;885;;1025;;;;745;;885;;1025;1304;745;885;885;1025;
;;;;;;;;;;;;;PInterna-psi;;;;;;;;7360;;9060;;9060;;10190;;10760;;10760;;12460;;;;9060;;10760;;12460;15860;9060;10760;10760;12460;
;;;;;;;;;;;;;PPrueba-psi;;;;;;;;6700;;8300;;8300;;9300;;9800;;9800;;10000;;;;8300;;9800;;10000;10000;8300;9800;9800;10000;
;;35.00;;0.498;6.004;;5.879;;;;10.172;;Colapso-psi;;;;;;;;;;10180;;10180;;11170;;11650;;11650;;13030;;14310;;11150;;13120;;15230;17380;10180;11650;13120;13030;
;;;;;;;;;;;;;Tension-klb;;;;;;;;;;814;;814;;916;;966;;966;;1119;;1272;;814;;966;;1119;1424;814;966;966;1119;
;;;;;;;;;;;;;PInterna-psi;;;;;;;;;;9960;;9960;;11210;;11830;;11830;;13700;;15560;;9960;;11830;;13700;17430;9960;11830;11830;13700;
;;;;;;;;;;;;;PPrueba-psi;;;;;;;;;;9100;;9100;;10000;;10000;;10000;;10000;;10000;;9100;;10000;;10000;10000;9100;10000;10000;10000;
;;38.00;;0.540;;5.920;;5.795;;;;10.959;;Colapso-psi;;;;;;;;;;11390;;11390;;12810;;13430;;13430;;15130;;16740;;12230;;14690;;16770;19640;11390;13430;14690;15130
;;;;;;;;;;;;;;Tension-klb;;;;;;;;;;877;;877;;986;;1041;;1041;;1206;;1370;;877;;1041;;1206;1534;877;1041;1041;1206
;;;;;;;;;;;;;;PInterna-psi;;;;;;;;;;10800;;10800;;12150;;12830;;12830;;14850;;16880;;10800;;12830;;14850;18900;10800;12830;12830;14850
;;;;;;;;;;;;;;PPrueba-psi;;;;;;;;;;9900;;9900;;10000;;10000;;10000;;10000;;10000;;9900;;10000;;10000;10000;9900;10000;10000;10000
;;42.70;;0.625;;5.750;;5.625;;;;12.517;;Colapso-psi;;;;;;;;;;;;;;14640;;;;15450;;;;;;;;;;;;13010;15450;17840;
;;;;;;;;;;;;;;Tension-klb;;;;;;;;;;;;;;1127;;;;1189;;;;;;;;;;;;1001;1189;1189;
;;;;;;;;;;;;;;PInterna-psi;;;;;;;;;;;;;;14060;;;;14840;;;;;;;;;;;;12500;14840;14840;
;;;;;;;;;;;;;;PPrueba-psi;;;;;;;;;;;;;;10000;;;;10000;;;;;;;;;;;;10000;10000;10000;
;7 5/8;24.00;;0.300;;7.025;;6.900;;;;6.904;;Colapso-psi;;2030;;;;;;;;;;;;;;;;;;;;;;;;;;;;;;;
;;;;;;;;;;;;;;Tension-klb;;276;;;;;;;;;;;;;;;;;;;;;;;;;;;;;;;
;;;;;;;;;;;;;;PInterna-psi;;2750;;;;;;;;;;;;;;;;;;;;;;;;;;;;;;;
;;;;;;;;;;;;;;PPrueba-psi;;2500;;;;;;;;;;;;;;;;;;;;;;;;;;;;;;;
;;26.40;;0.328;;6.969;;6.844;;;;7.519;;Colapso-psi;;;;2900;;2900;;3100;;3400;;3400;;3610;;3710;;3710;;;;;;4980;;5220;;5610;6040;3400;3710;5230;3920
;;;;;;;;;;;;;;Tension-klb;;;;414;;414;;489;;602;;602;;677;;714;;714;;;;;;602;;714;;827;1053;602;714;714;827
;;;;;;;;;;;;;;PInterna-psi;;;;4140;;4140;;4890;;6020;;6020;;6780;;7150;;7150;;;;;;6020;;7150;;8280;10540;6020;7150;7150;8280
;;;;;;;;;;;;;;PPrueba-psi;;;;3800;;3800;;4500;;5500;;5500;;6200;;6500;;6500;;;;;;5500;;6500;;7600;9600;5500;6500;6500;7600
;;29.70;;0.375;6.875;;6.750;;;;8.541;;Colapso-psi;;;;;;;;4310;;4790;;4790;;5030;;5130;;5130;;5350;;;;6620;;7300;;7780;8540;4790;5130;7320;5350;
;;;;;;;;;;;;;Tension-klb;;;;;;;;555;;683;;683;;769;;811;;811;;940;;;;683;;811;;940;1196;683;811;811;940;
;;;;;;;;;;;;;PInterna-psi;;;;;;;;5590;;6890;;6890;;7750;;8180;;8180;;9470;;;;6890;;8180;;9470;12050;6890;8180;8180;9470;
;;;;;;;;;;;;;PPrueba-psi;;;;;;;;5100;;6300;;6300;;7100;;7500;;7500;;8700;;;;6300;;7500;;8700;10000;6300;7500;7500;8700;
;;33.70;;0.430;6.765;;6.640;;;;9.720;;Colapso-psi;;;;;;;;5720;;6560;;6560;;7050;;7280;;7280;;7870;;;;8310;;9280;;10440;11610;6560;7280;9290;7870;
;;;;;;;;;;;;;Tension-klb;;;;;;;;632;;778;;778;;875;;923;;923;;1069;;;;778;;923;;1069;1361;778;923;923;1069;
;;;;;;;;;;;;;PInterna-psi;;;;;;;;6410;;7900;;7900;;8880;;9380;;9380;;10860;;;;7900;;9380;;10860;13820;7900;9380;9380;10860;
;;;;;;;;;;;;;PPrueba-psi;;;;;;;;5900;;7200;;7200;;8100;;8600;;8600;;9900;;;;7200;;8600;;9900;10000;7200;8600;8600;9900;
;;39.00;;0.500;6.625;;6.500;;;;11.192;;Colapso-psi;;;;;;;;;;8820;;8820;;9620;;10000;;10000;;11080;;12060;;10110;;11670;;13810;15250;8820;10000;11680;11080;
;;;;;;;;;;;;;Tension-klb;;;;;;;;;;895;;895;;1007;;1063;;1063;;1231;;1399;;895;;1063;;1231;1567;895;1063;1063;1231;
;;;;;;;;;;;;;PInterna-psi;;;;;;;;;;9180;;9180;;10330;;10900;;10900;;12620;;14340;;9180;;10900;;12620;16070;9180;10900;10900;12620;
;;;;;;;;;;;;;PPrueba-psi;;;;;;;;;;8400;;8400;;9400;;10000;;10000;;10000;;10000;;8400;;10000;;10000;10000;8400;10000;10000;10000;
;;42.80;;0.562;6.501;;6.376;;;;12.470;;Colapso-psi;;;;;;;;;;10810;;10810;;11890;;12410;;12410;;13930;;15350;;11600;;13790;;15870;18330;10810;12410;13800;13930;
;;;;;;;;;;;;;Tension-klb;;;;;;;;;;998;;998;;1122;;1185;;1185;;1372;;1559;;998;;1185;;1372;1746;998;1185;1185;1372;
;;;;;;;;;;;;;PInterna-psi;;;;;;;;;;10320;;10320;;11610;;12250;;12250;;14190;;16120;;10320;;12250;;14190;18060;10320;12250;12250;14190;
;;;;;;;;;;;;;PPrueba-psi;;;;;;;;;;9400;;9400;;10000;;10000;;10000;;10000;;10000;;9400;;10000;;10000;10000;9400;10000;10000;10000;
;;45.30;;0.595;;6.435;;6.310;;;;13.141;;Colapso-psi;;;;;;;;;;11510;;11510;;12950;;13670;;13670;;15440;;17100;;12380;;14910;;16980;19950;11510;13670;14990;15440
;;;;;;;;;;;;;;Tension-klb;;;;;;;;;;1051;;1051;;1183;;1248;;1248;;1445;;1643;;1051;;1248;;1445;1840;1051;1248;1248;1445
;;;;;;;;;;;;;;PInterna-psi;;;;;;;;;;10920;;10920;;12290;;12970;;12970;;15020;;17070;;10920;;12970;;15020;19120;10920;12970;12970;15020
;;;;;;;;;;;;;;PPrueba-psi;;;;;;;;;;10000;;10000;;10000;;10000;;10000;;10000;;10000;;10000;;10000;;10000;10000;10000;10000;10000;10000
;;47.10;;0.625;;6.375;;6.250;;;;13.745;;Colapso-psi;;;;;;;;;;12040;;12040;;13540;;14300;;14300;;16550;;18700;;13070;;15910;;17980;20950;12040;14300;15930;16550
;;;;;;;;;;;;;;Tension-klb;;;;;;;;;;1100;;1100;;1237;;1306;;1306;;1512;;1718;;1100;;1306;;1512;1924;1100;1306;1306;1512
;;;;;;;;;;;;;;PInterna-psi;;;;;;;;;;11480;;11480;;12910;;13630;;13630;;15780;;17930;;11480;;13630;;15780;20080;11480;13630;13630;15780
;;;;;;;;;;;;;;PPrueba-psi;;;;;;;;;;10000;;10000;;10000;;10000;;10000;;10000;;10000;;10000;;10000;;10000;10000;10000;10000;10000;10000
;;51.20;;0.687;;6.251;;6.126;;;;14.974;;Colapso-psi;;;;;;;;;;;;;;14760;;;;15580;;;;;;14530;;18040;;20090;22900;13120;15580;18040;18040
;;;;;;;;;;;;;;Tension-klb;;;;;;;;;;;;;;1348;;;;1423;;;;;;1198;;1423;;1647;2096;1198;1423;1423;1647
;;;;;;;;;;;;;;PInterna-psi;;;;;;;;;;;;;;14190;;;;14980;;;;;;12610;;14980;;17340;22070;12610;14980;14980;17340
;;;;;;;;;;;;;;PPrueba-psi;;;;;;;;;;;;;;10000;;;;10000;;;;;;10000;;10000;;10000;10000;10000;10000;10000;10000
;;55.30;;0.750;;6.125;;6.000;;;;16.199;;Colapso-psi;;;;;;;;;;;;;;15960;;;;16850;;;;;;15980;;20190;;22210;24770;14190;16850;20190;19510
;;;;;;;;;;;;;;Tension-klb;;;;;;;;;;;;;;1458;;;;1539;;;;;;1296;;1539;;1782;2268;1296;1539;1539;1782
;;;;;;;;;;;;;;PInterna-psi;;;;;;;;;;;;;;15490;;;;16350;;;;;;13770;;16350;;18930;24100;13770;16350;16350;18930
;;;;;;;;;;;;;;PPrueba-psi;;;;;;;;;;;;;;10000;;;;10000;;;;;;10000;;10000;;10000;10000;10000;10000;10000;10000
;7 3/4;46.10;;0.595;6.560;;6.435;;6.500  13.374;;;Colapso-psi;;11340   11340   12750   13320   13320   15000   16590;;;;;;;;;;;;;;;;;;;;;12150;;14580;;16660;19480;11340;13320;14580;15000;;;
;;;;;;;;;;;;Tension-klb;;;;;;;;;;1070;1070;;1204;;1271;;1271;;1471;;1672;;1070;;1271;;1471;1872;1070;1271;1271;1471;;;
;;;;;;;;;;;;PInterna-psi;;10750   10750   12090   12760   12760   14780   16790;;;;;;;;;;;;;;;;;;;;;10750;;12760;;14780;18810;10750;12760;12760;14780;;;
;;;;;;;;;;;;PPrueba-psi;;;;;;;;;;9800;9800   10000   10000   10000   10000   10000;;;;;;;;;;;;9800;;10000;;10000;10000;9800;10000;10000;10000;;;
;8 5/8;24.00;;0.264;8.097;;7.972;;6.934;;;Colapso-psi;;;;1370;;1370;;1420;;;;;;;;;;;;;;;;;;;;;1430;1430;;;;;
;;;;;;;;;;;;Tension-klb;;;;381;;381;;451;;;;;;;;;;;;;;;;;;;;;555;659;;;;;
;;;;;;;;;;;;PInterna-psi;;;;2950;;2950;;3480;;;;;;;;;;;;;;;;;;;;;4290;5090;;;;;
;;;;;;;;;;;;PPrueba-psi;;;;2700;;2700;;3200;;;;;;;;;;;;;;;;;;;;;3900;4700;;;;;
;;28.00;;0.304;8.017;;7.892;;7.947;;;Colapso-psi;;1610;;;;;;2020;;;;;;;;;;;;;;;;;;;;;2160;2210;;2210;;;
;;;;;;;;;;;;Tension-klb;;318;;;;;;517;;;;;;;;;;;;;;;;;;;;;636;755;;874;;;
;;;;;;;;;;;;PInterna-psi;;2470;;;;;;4010;;;;;;;;;;;;;;;;;;;;;4930;5860;;6780;;;
;;;;;;;;;;;;PPrueba-psi;;2300;;;;;;3700;;;;;;;;;;;;;;;;;;;;;4500;5400;;6200;;;
;;32.00;;0.352;7.921;;7.796;;7.875   9.149;;;Colapso-psi;;2200;;2530;;2530;;2740;;;;;;;;;;;;;;;;;;;;;3050;3280;;3420;;;
;;;;;;;;;;;;Tension-klb;;366;;503;;503;;595;;;;;;;;;;;;;;;;;;;;;732;869;;1006;;;
;;;;;;;;;;;;PInterna-psi;;2860;;3930;;3930;;4640;;;;;;;;;;;;;;;;;;;;;5710;6780;;7860;;;
;;;;;;;;;;;;PPrueba-psi;;2600;;3600;;3600;;4200;;;;;;;;;;;;;;;;;;;;;5200;6200;;7200;;;
;;36.00;;0.400     7.825    7.700                10.336;;;;;;Colapso-psi;;;3450     3450     3760     4100     4100     4250     4350     4350;;;;;;;;;;;;5910      6310      6780      7390;;;4100     4350     6310      4690;;;;;;;;;;;;;;;;;;;;;
;;;;;;;;;;Tension-klb;;;568        568        672        827        827        930        982        982;;;;;;;;;;;;827         982      1137      1447;;;827        982        982      1133;;;;;;;;;;;;;;;;;;;;;
;;;;;;;;;;PInterna-psi;;;4460     4460     5280     6490     6490     7300     7710     7710;;;;;;;;;;;;6490      7710      8930    11360;;;6490     7710     7710      8930;;;;;;;;;;;;;;;;;;;;;
;;;;;;;;;;PPrueba-psi;;;4100     4100     4800     5900     5900     6700     7000     7000;;;;;;;;;;;;5900      7000      8200    10000;;;5900     7000     7000      8200;;;;;;;;;;;;;;;;;;;;;
;;40.00;;0.450     7.725    7.600    7.625   11.557;;;;;;Colapso-psi;;;4900     5520     5520     5870     6020     6020     6390;;;;;;;;;;;;7370      8230      8890      9750;;;5520     6020     8240      6390;;;;;;;;;;;;;;;;;;;;;
;;;;;;;;;;Tension-klb;;;751        925        925     1040     1098     1098     1271;;;;;;;;;;;;925      1098      1271      1618;;;925     1098     1098      1271;;;;;;;;;;;;;;;;;;;;;
;;;;;;;;;;PInterna-psi;;;5930     7300     7300     8220     8670     8670   10040;;;;;;;;;;;;7300      8670    10040    12780;;;7300     8670     8670    10040;;;;;;;;;;;;;;;;;;;;;
;;;;;;;;;;PPrueba-psi;;;5400     6700     6700     7500     7900     7900     9200;;;;;;;;;;;;6700      7900      9200    10000;;;6700     7900     7900      9200;;;;;;;;;;;;;;;;;;;;;
;;44.00;;0.500     7.625    7.500                12.763;;;;;;Colapso-psi;;;6950     6950     7490     7740     7740     8420;;;;;;;;;;;;8630      9700    11020    12260;;;6950     7740     9700      8420;;;;;;;;;;;;;;;;;;;;;
;;;;;;;;;;Tension-klb;;;1021     1021     1149     1212     1212     1404;;;;;;;;;;;;1021      1212      1404      1787;;;1021     1212     1212      1404;;;;;;;;;;;;;;;;;;;;;
;;;;;;;;;;PInterna-psi;;;8120     8120     9130     9640     9640   11160;;;;;;;;;;;;8120      9640    11160    14200;;;8120     9640     9640    11160;;;;;;;;;;;;;;;;;;;;;
;;;;;;;;;;PPrueba-psi;;;7400     7400     8300     8800     8800   10000;;;;;;;;;;;;7400      8800    10000    10000;;;7400     8800     8800    10000;;;;;;;;;;;;;;;;;;;;;
;;49.00;;0.557     7.511    7.386                14.118;;;;;;Colapso-psi;;;8570     8570     9340     9700     9700   10730   11660;;;;;;;;;;;;9910    11410    13450    14880;;;8570     9700   11420    10730;;;;;;;;;;;;;;;;;;;;;
;;;;;;;;;;Tension-klb;;;1129     1129     1271     1341     1341     1553     1765;;;;;;;;;;;;1129      1341      1553      1977;;;1129     1341     1341      1553;;;;;;;;;;;;;;;;;;;;;
;;;;;;;;;;PInterna-psi;;;9040     9040   10170   10740   10740   12430   14130;;;;;;;;;;;;9040    10740    12430    15820;;;9040   10740   10740    12430;;;;;;;;;;;;;;;;;;;;;
;;;;;;;;;;PPrueba-psi;;;8300     8300     9300     9800     9800   10000   10000;;;;;;;;;;;;8300      9800    10000    10000;;;8300     9800     9800    10000;;;;;;;;;;;;;;;;;;;;;
;9 5/8;32.30;;0.312;9.001;;8.845;;9.128;;;Colapso-psi;;1370;;;;;;;;;;;;;;;;;;;;;;;;;;;;;;;;;
;;;;;;;;;;;;Tension-klb;;365;;;;;;;;;;;;;;;;;;;;;;;;;;;;;;;;;
;;;;;;;;;;;;PInterna-psi;;2270;;;;;;;;;;;;;;;;;;;;;;;;;;;;;;;;;
;;;;;;;;;;;;PPrueba-psi;;2100;;;;;;;;;;;;;;;;;;;;;;;;;;;;;;;;;
;;36.00;;0.352;8.921;;8.765;;10.254;;;Colapso-psi;;1720;;2020;;2020;;2190;;;;;;;;;;;;;;;;;;;;;2370;2460;;2470;;;
;;;;;;;;;;;;Tension-klb;;410;;564;;564;;667;;;;;;;;;;;;;;;;;;;;;820;974;;1128;;;
;;;;;;;;;;;;PInterna-psi;;2560;;3520;;3520;;4160;;;;;;;;;;;;;;;;;;;;;5120;6080;;7040;;;
;;;;;;;;;;;;PPrueba-psi;;2300;;3200;;3200;;3800;;;;;;;;;;;;;;;;;;;;;4700;5600;;6400;;;
;;40.00;;0.395;8.835;;8.679;;8.750   11.454;;;Colapso-psi;;;;2570;;2570;;2770;;3090;3090;;3260;;3330;;3330;;;;;;4320;;4450;;4940;5280;3090;3330;4560;3470;;;
;;;;;;;;;;;;Tension-klb;;;;630;;630;;744;;916;916;;1031;;1088;;1088;;;;;;916;;1088;;1260;1604;916;1088;1088;1260;;;
;;;;;;;;;;;;PInterna-psi;;;;3950;;3950;;4670;;5750;5750;;6460;;6820;;6820;;;;;;5750;;6820;;7900;10050;5750;6820;6820;7900;;;
;;;;;;;;;;;;PPrueba-psi;;;;3600;;3600;;4300;;5300;5300;;5900;;6200;;6200;;;;;;5300;;6200;;7200;9200;5300;6200;6200;7200;;;
;;43.50;;0.435;8.755;;8.599;;12.559;;;Colapso-psi;;;;;;;;3530;;3810;3810;;4010;;4130;;4130;;4420;;;;5600;;5870;;6370;6910;3810;4130;5870;4420;;;
;;;;;;;;;;;;Tension-klb;;;;;;;;816;;1005;1005;;1130;;1193;;1193;;1381;;;;1005;;1193;;1381;1758;1005;1193;1193;1381;;;
;;;;;;;;;;;;PInterna-psi;;;;;;;;5140;;6330;6330;;7120;;7510;;7510;;8700;;;;6330;;7510;;8700;11070;6330;7510;7510;8700;;;
;;;;;;;;;;;;PPrueba-psi;;;;;;;;4700;;5800;5800;;6500;;6900;;6900;;8000;;;;5800;;6900;;8000;10000;5800;6900;6900;8000;;;
;;47.00;;0.472     8.681    8.525                 13.572;;;;;;Colapso-psi;;;4280     4750     4750     4990     5090     5090     5300     5630;;;;;;;;;;;;6590      7270      7740      8490;;;4750     5090     7270      5300;;;;;;;;;;;;;;;;;;;;;
;;;;;;;;;;Tension-klb;;;882     1086     1086     1222     1289     1289     1493     1697;;;;;;;;;;;;1086      1289      1493      1900;;;1086     1289     1289      1493;;;;;;;;;;;;;;;;;;;;;
;;;;;;;;;;PInterna-psi;;;5580     6870     6870     7720     8150     8150     9440   10730;;;;;;;;;;;;6870      8150      9440    12010;;;6870     8150     8150      9440;;;;;;;;;;;;;;;;;;;;;
;;;;;;;;;;PPrueba-psi;;;5100     6300     6300     7100     7500     7500     8600     9800;;;;;;;;;;;;6300      7500      8600    10000;;;6300     7500     7500      8600;;;;;;;;;;;;;;;;;;;;;
;;53.50;;0.545     8.535    8.379    8.500   15.547;;;;;;Colapso-psi;;;6620     6620     7110     7340     7340     7950     8440;;;;;;;;;;;;8350      9340    10520    11700;;;6620     7340     9340      7950;;;;;;;;;;;;;;;;;;;;;
;;;;;;;;;;Tension-klb;;;1244     1244     1399     1477     1477     1710     1943;;;;;;;;;;;;1244      1477      1710      2177;;;1244     1477     1477      1710;;;;;;;;;;;;;;;;;;;;;
;;;;;;;;;;PInterna-psi;;;7930     7930     8920     9410     9410   10900   12390;;;;;;;;;;;;7930      9410    10900    13870;;;7930     9410     9410    10900;;;;;;;;;;;;;;;;;;;;;
;;;;;;;;;;PPrueba-psi;;;7200     7200     8200     8600     8600   10000   10000;;;;;;;;;;;;7200      8600    10000    10000;;;7200     8600     8600    10000;;;;;;;;;;;;;;;;;;;;;
;;58.40;;0.595     8.435    8.279    8.375   16.879;;;;;;Colapso-psi;;;7890     7890     8570     8890     8890     9770   10540;;;;;;;;;;;;9370    10690    12440    13790;;;7890     8890   10690      9770;;;;;;;;;;;;;;;;;;;;;
;;;;;;;;;;Tension-klb;;;1350     1350     1519     1604     1604     1857     2110;;;;;;;;;;;;1350      1604      1857      2363;;;1350     1604     1604      1857;;;;;;;;;;;;;;;;;;;;;
;;;;;;;;;;PInterna-psi;;;8650     8650     9740   10280   10280   11900   13520;;;;;;;;;;;;8650    10280    11900    15150;;;8650   10280   10280    11900;;;;;;;;;;;;;;;;;;;;;
;;;;;;;;;;PPrueba-psi;;;7900     7900     8900     9400     9400   10000   10000;;;;;;;;;;;;7900      9400    10000    10000;;;7900     9400   10000    10000;;;;;;;;;;;;;;;;;;;;;
;;59.40;;0.609     8.407    8.251                 17.250;;;;;;Colapso-psi;;;8970                   9320;;;;;;;;;;;;9660    11070    12980    14370;;;8250     9320   11070    10280;;;;;;;;;;;;;;;;;;;;;
;;;;;;;;;;Tension-klb;;;1552                   1639;;;;;;;;;;;;1380      1639      1897      2415;;;1380     1639     1639      1897;;;;;;;;;;;;;;;;;;;;;
;;;;;;;;;;PInterna-psi;;;9970                 10520;;;;;;;;;;;;8860    10520    12180    15500;;;8860   10520   10520    12180;;;;;;;;;;;;;;;;;;;;;
;;;;;;;;;;PPrueba-psi;;;9100                   9600;;;;;;;;;;;;8100      9600    10000    10000;;;8100     9600   10000    10000;;;;;;;;;;;;;;;;;;;;;
;;64.90;;0.672;;8.281;;8.125;;;;18.901;;Colapso-psi;;;;;;;;;;;;;;10800;;;;11260;;;;;;10900;;12810;;14880;16880;9860   11260   12820    12570;;;
;;;;;;;;;;;;;;Tension-klb;;;;;;;;;;;;;;1701;;;;1796;;;;;;1512;;1796;;2079;2646;1512     1796     1796      2079;;;
;;;;;;;;;;;;;;PInterna-psi;;;;;;;;;;;;;;11000;;;;10000;;;;;;9770;;11610;;13440;17110;9770   11610   11610    13440;;;
;;;;;;;;;;;;;;PPrueba-psi;;;;;;;;;;;;;;10000;;;;10000;;;;;;8900;;10000;;10000;10000;8900   10000   10000    10000;;;
;;70.30;;0.734;;8.157;;8.000;;;;20.498;;Colapso-psi;;;;;;;;;;;;;;12600;;;;13170;;;;;;12060;;14450;;16530;19290;;;;
;;;;;;;;;;;;;;Tension-klb;;;;;;;;;;;;;;1845;;;;1948;;;;;;1640;;1948;;2255;2870;;;;
;;;;;;;;;;;;;;PInterna-psi;;;;;;;;;;;;;;12010;;;;12680;;;;;;10680;;12680;;14680;18680;;;;
;;;;;;;;;;;;;;PPrueba-psi;;;;;;;;;;;;;;10000;;;;10000;;;;;;9800;;10000;;10000;10000;;;;
;;75.60;;0.797;;8.031;;7.875;;;;22.100;;Colapso-psi;;;;;;;;;;;;;;13670;;;;14430;;;;;;;;;;;;;;;
;;;;;;;;;;;;;;Tension-klb;;;;;;;;;;;;;;1989;;;;2100;;;;;;;;;;;;;;;
;;;;;;;;;;;;;;PInterna-psi;;;;;;;;;;;;;;13040;;;;13770;;;;;;;;;;;;;;;
;;;;;;;;;;;;;;PPrueba-psi;;;;;;;;;;;;;;10000;;;;10000;;;;;;;;;;;;;;;
;9 3/4;59.20;;0.595;;8.560    8.404                 17.113;;;;;Colapso-psi;;;;;;;;;;7700;;7700;;8350;;8650;;8650     9490   10220;;;;;;;;;;7700;8650;10490;9490;;;;;
;;;;;;;;;;;Tension-klb;;;;;;;;;;1369;;1369;;1540;;1626;;1626     1882     2139;;;;;;;;;;1369;1626;1626;1882;;;;;
;;;;;;;;;;;PInterna-psi;;;;;;;;;;8540;;8540;;9610   10150   10150   11750   13350;;;;;;;;;;;;;;8540;10150;10150;11750;;;;;
;;;;;;;;;;;PPrueba-psi;;;;;;;;;;7800;;7800;;8800;;9300;;9300   10000   10000;;;;;;;;;;7800;9300;9300;10000;;;;;
;9 7/8;62.80;;0.625;;8.625    8.469    8.500   18.162;;;;;Colapso-psi;;;;;;;;;;8260;;8260;;8980;;9320;;9320   10280   11140;;;;9670;;11080;;12990;14390;8260;9320;11080;10280;;;;;
;;;;;;;;;;;Tension-klb;;;;;;;;;;1453;;1453;;1635;;1725;;1725     1998     2270;;;;1453;;1725;;1998;2543;1453;1725;1725;1998;;;;;
;;;;;;;;;;;PInterna-psi;;;;;;;;;;8860;;8860;;9970   10520   10520   12180   13840;;;;;;;;8860;;10520;;12180;15510;8860;10520;10520;12180;;;;;
;;;;;;;;;;;PPrueba-psi;;;;;;;;;;8100;;8100;;9100;;9600;;9600   10000   10000;;;;8100;;9600;;10000;10000;8100;9600;9600;10000;;;;;
;10 3/4;32.75;;0.279;;10.192  10.036                 9.178;;;;;Colapso-psi;;840;;;;;;;;;;;;;;;;;;;;;;;;;;;;;;;;;;
;;;;;;;;;;;Tension-klb;;367;;;;;;;;;;;;;;;;;;;;;;;;;;;;;;;;;;
;;;;;;;;;;;PInterna-psi;;1820;;;;;;;;;;;;;;;;;;;;;;;;;;;;;;;;;;
;;;;;;;;;;;PPrueba-psi;;1200;;;;;;;;;;;;;;;;;;;;;;;;;;;;;;;;;;
;;40.50;;0.350;;10.050   9.894                 11.435;;;;;Colapso-psi;;1390;;1580;;1580;;1670;;;;;;;;;;;;;;;;;;;;1730;1730;;1730;;;;;
;;;;;;;;;;;Tension-klb;;457;;629;;629;;743;;;;;;;;;;;;;;;;;;;;915;1086;;1258;;;;;
;;;;;;;;;;;PInterna-psi;;2280;;3130;;3130;;3700;;;;;;;;;;;;;;;;;;;;4560;5410;;6270;;;;;
;;;;;;;;;;;PPrueba-psi;;1600;;2100;;2100;;3400;;;;;;;;;;;;;;;;;;;;4200;4900;;5700;;;;;
;;45.50;;0.400;9.950;;9.794;;9.875;;13.006;;Colapso-psi;;;;2090;;2090;;2270;;;;;;;;;;;;;;;;;;;;;;2470;2590;;2610;
;;;;;;;;;;;;;Tension-klb;;;;715;;715;;845;;;;;;;;;;;;;;;;;;;;;;1040;1236;;1431;
;;;;;;;;;;;;;PInterna-psi;;;;3580;;3580;;4230;;;;;;;;;;;;;;;;;;;;;;5210;6190;;7160;
;;;;;;;;;;;;;PPrueba-psi;;;;2500;;2500;;3900;;;;;;;;;;;;;;;;;;;;;;4800;5700;;6500;
;;51.00;;0.450;9.850;;9.694;;;;14.561;;Colapso-psi;;;;2710;;2710;;2870;;3220;;3220;;3400;;3480;;3480;;3660;;;;4610;;4830;;5220;5600;3220;3480;4830;3660;
;;;;;;;;;;;;;Tension-klb;;;;801;;801;;946;;1165;;1165;;1311;;1383;;1383;;1602;;;;1165;;1383;;1602;2039;1165;1383;1383;1602;
;;;;;;;;;;;;;PInterna-psi;;;;4030;;4030;;4760;;5860;;5860;;6590;;6960;;6960;;8060;;;;5860;;6960;;8060;10260;5860;6960;6960;8060;
;;;;;;;;;;;;;PPrueba-psi;;;;2800;;2800;;4400;;5400;;5400;;6000;;6400;;6400;;7400;;;;5400;;6400;;7400;8900;5400;6400;6400;8900;
;;55.50;;0.495;9.760;;9.604;;9.625;;15.947;;Colapso-psi;;;;;;;;3690;;4020;;4020;;4160;;4290;;4290;;4610;;;;5830;;6190;;6670;7250;4020;4290;6190;4610;
;;;;;;;;;;;;;Tension-klb;;;;;;;;1037;;1276;;1276;;1435;;1515;;1515;;1754;;;;1276;;1515;;1754;2233;1276;1515;1515;1754;
;;;;;;;;;;;;;PInterna-psi;;;;;;;;5240;;6450;;6450;;7250;;7660;;7660;;8860;;;;6450;;7660;;8860;11280;6450;7660;7660;8860;
;;;;;;;;;;;;;PPrueba-psi;;;;;;;;4800;;5900;;5900;;6600;;7000;;7000;;8100;;;;5900;;7000;;8100;9700;5900;7000;7000;8100;
;;60.70;;0.545;9.660;;9.504;;;;17.473;;Colapso-psi;;;;;;;;;;;;;;5460;;;;5580;;5880;;6070;;7010;;7800;;8340;9180;5160;5580;7800;5880;
;;;;;;;;;;;;;Tension-klb;;;;;;;;;;;;;;1573;;;;1660;;1922;;2184;;1398;;1660;;1922;2446;1398;1660;1660;1922;
;;;;;;;;;;;;;PInterna-psi;;;;;;;;;;;;;;7980;;;;8430;;9760;;11090;;7100;;8430;;9760;12420;7100;8430;8430;9760;
;;;;;;;;;;;;;PPrueba-psi;;;;;;;;;;;;;;7300;;;;7700;;8900;;10000;;6500;;7700;;8900;9700;6500;7700;7700;8900;
;;65.70;;0.595;;9.560;;9.404;;;;18.982;;Colapso-psi;;;;;;;;;;;;;;6760;;;;6970;;7500;;7920;;8090;;9010;;10050;11170;6300;6970;9010;7500
;;;;;;;;;;;;;;Tension-klb;;;;;;;;;;;;;;1708;;;;1803;;2088;;2373;;1519;;1803;;2088;2658;1519;1803;1803;2088
;;;;;;;;;;;;;;PInterna-psi;;;;;;;;;;;;;;8720;;;;9200;;10650;;12110;;7750;;9200;;10650;13560;7750;9200;9200;10650
;;;;;;;;;;;;;;PPrueba-psi;;;;;;;;;;;;;;8000;;;;8400;;9700;;10000;;7100;;8400;;9700;9700;7100;8400;8400;9700
;;73.20;;0.672;;9.406;;9.250;;;;21.276;;Colapso-psi;;;;;;;;;;;;;;8760;;;;9090;;;;;;9510;;10870;;12690;14070;8060;9090;10870;10010
;;;;;;;;;;;;;;Tension-klb;;;;;;;;;;;;;;1915;;;;2021;;;;;;1702;;2021;;2340;2979;1702;2021;2021;2340
;;;;;;;;;;;;;;PInterna-psi;;;;;;;;;;;;;;9850;;;;10390;;;;;;8750;;10390;;12030;15320;8750;10390;10390;12030
;;;;;;;;;;;;;;PPrueba-psi;;;;;;;;;;;;;;9000;;;;9500;;;;;;8000;;9500;;10000;10000;8000;9500;9500;10000
;;79.20;;0.734;;9.282;;9.126;;;;23.096;;Colapso-psi;;;;;;;;;;;;;;10370;;;;10800;;;;;;10620;;12390;;14490;16290;9480;10800;12390;12030
;;;;;;;;;;;;;;Tension-klb;;;;;;;;;;;;;;2079;;;;2194;;;;;;1848;;2194;;2541;3233;1848;2194;2194;2541
;;;;;;;;;;;;;;PInterna-psi;;;;;;;;;;;;;;10750;;;;11350;;;;;;9560;;11350;;13140;16730;9560;11350;11350;13140
;;;;;;;;;;;;;;PPrueba-psi;;;;;;;;;;;;;;9800;;;;10000;;;;;;8700;;10000;;10000;10000;8700;10000;10000;10000
;;85.30;;0.797;;9.156;;9.000;;;;24.921;;Colapso-psi;;;;;;;;;;;;;;12010;;;;12540;;;;;;;;;;;;10920;12540;;14080
;;;;;;;;;;;;;;Tension-klb;;;;;;;;;;;;;;2243;;;;2367;;;;;;;;;;;;1994;2367;;2741
;;;;;;;;;;;;;;PInterna-psi;;;;;;;;;;;;;;11680;;;;12330;;;;;;;;;;;;10380;12330;;14270
;;;;;;;;;;;;;;PPrueba-psi;;;;;;;;;;;;;;10000;;;;10000;;;;;;;;;;;;9500;10000;;10000
;11 3/4;42.00;;0.333;11.084  10.928  11.000  11.944;;;;;Colapso-psi;;1040;;;;;;;;;;;;;;;;;;;;;;;;;;;;;;;;;;;
;;;;;;;;;;Tension-klb;;478;;;;;;;;;;;;;;;;;;;;;;;;;;;;;;;;;;;
;;;;;;;;;;PInterna-psi;;1980;;;;;;;;;;;;;;;;;;;;;;;;;;;;;;;;;;;
;;;;;;;;;;PPrueba-psi;;1400;;;;;;;;;;;;;;;;;;;;;;;;;;;;;;;;;;;
;;47.00;;0.375;11.000  10.844                13.401;;;;;Colapso-psi;;;;1510;;1510;;1590;;;;;;;;;;;;;;;;;;;;;1630;1630;;1630;;;;;
;;;;;;;;;;Tension-klb;;;;737;;737;;871;;;;;;;;;;;;;;;;;;;;;1072;1273;;1474;;;;;
;;;;;;;;;;PInterna-psi;;;;3070;;3070;;3630;;;;;;;;;;;;;;;;;;;;;4470;5310;;6140;;;;;
;;;;;;;;;;PPrueba-psi;;;;2100;;2100;;3300;;;;;;;;;;;;;;;;;;;;;4100;4900;;5600;;;;;
;;54.00;;0.435;10.880  10.724                15.463;;;;;Colapso-psi;;;;2070;;2070;;2250;;;;;;;;;;;;;;;;;;;;;2440;2550;;2570;;;;;
;;;;;;;;;;Tension-klb;;;;850;;850;;1005;;;;;;;;;;;;;;;;;;;;;1237;1469;;1701;;;;;
;;;;;;;;;;PInterna-psi;;;;3560;;3560;;4210;;;;;;;;;;;;;;;;;;;;;5180;6150;;7130;;;;;
;;;;;;;;;;PPrueba-psi;;;;2400;;2400;;3900;;;;;;;;;;;;;;;;;;;;;4700;5600;;6500;;;;;
;;60.00;;0.489;10.772  10.616  10.625  17.300;;;;;Colapso-psi;;;;2670;;2670;;2840;;3180;3180;;3360;;3440;;3440;;3610;;3680;;4530;;4740;;5140;5500;3180;3440;4740;3610;;;;;
;;;;;;;;;;Tension-klb;;;;951;;951;;1124;;1384;1384;;1557;;1643;;1643;;1903;;2162;;1384;;1643;;1903;2422;1384;1643;1643;1903;;;;;
;;;;;;;;;;PInterna-psi;;;;4010;;4010;;4730;;5830;5830;;6550;;6920;;6920;;8010;;9100;;5830;;6920;;8010;10200;5830;6920;6920;8010;;;;;
;;;;;;;;;;PPrueba-psi;;;;2700;;2700;;4300;;5300;5300;;6000;;6300;;6300;;7300;;8300;;5300;;6300;;7300;9300;5300;6300;6300;7300;;;;;
;;65.00;;0.534    10.682  10.526  10.625  18.816;;;;;;Colapso-psi;;;3870     3870     4060     4170     4170     4480     4690;;;;;;;;;;;;5660      5960      6450      7010;;;3870     4170     5960      4480;;;;;;;;;;;;;;;;;;;;;
;;;;;;;;;;Tension-klb;;;1505     1505     1693     1788     1788     2070     2352;;;;;;;;;;;;1505      1788      2070      2634;;;1505     1788     1788      2070;;;;;;;;;;;;;;;;;;;;;
;;;;;;;;;;PInterna-psi;;;6360     6360     7160     7560     7560     8750     9940;;;;;;;;;;;;6360      7560      8750    11130;;;6360     7560     7560      8750;;;;;;;;;;;;;;;;;;;;;
;;;;;;;;;;PPrueba-psi;;;5800     5800     6500     6900     6900     8000     9100;;;;;;;;;;;;5800      6900      8000    10000;;;5800     6900     6900      8000;;;;;;;;;;;;;;;;;;;;;
;;71.00;;0.582    10.586  10.430                20.420;;;;;;Colapso-psi;;;4880     4880     5130     5240     5240     5470     5760;;;;;;;;;;;;6720      7430      7920      8700;;;4880     5240     7430      5470;;;;;;;;;;;;;;;;;;;;;
;;;;;;;;;;Tension-klb;;;1634     1634     1838     1940     1940     2246     2552;;;;;;;;;;;;1634      1940      2246      2859;;;1634     1940     1940      2246;;;;;;;;;;;;;;;;;;;;;
;;;;;;;;;;PInterna-psi;;;6930     6930     7800     8230     8230     9530   10840;;;;;;;;;;;;6930      8230      9530    12140;;;6930     8230     8230      9530;;;;;;;;;;;;;;;;;;;;;
;;;;;;;;;;PPrueba-psi;;;6300     6300     7100     7500     7500     8700     9900;;;;;;;;;;;;6300      7500      8700    10000;;;6300     7500     7500      8700;;;;;;;;;;;;;;;;;;;;;
;11 7/8;71.80;;0.582    10.711  10.555  10.625  20.648;;;;;;Colapso-psi;;;3170     3880     3880     4270     4750     4750     4990     5080     5080     5290     5630;;;;;;;;;;;;6590      7260      7740      8480;;;4750     5080     7260      5290;;;;;;;;;;;;;;;;;;;;;
;;;;;;;;;;Tension-klb;;;826     1136     1136     1342     1652     1652     1858     1962     1962     2271     2581;;;;;;;;;;;;1652      1962      2271      2891;;;1652     1962     1962      2271;;;;;;;;;;;;;;;;;;;;;
;;;;;;;;;;PInterna-psi;;;3430     4720     4720     5570     6860     6860     7720     8150     8150     9430   10720;;;;;;;;;;;;6860      8150      9430    12010;;;6860     8150     8150      9430;;;;;;;;;;;;;;;;;;;;;
;;;;;;;;;;PPrueba-psi;;;3100     4300     4300     5100     6300     6300     7100     7500     7500     8600    9800\;;;;;;;;;;;;6300      7500      8600    11000;;;6300     7500     7500      8600;;;;;;;;;;;;;;;;;;;;;
;13 3/8;48.00;;0.330    12.715  12.559                13.524;;;;;;Colapso-psi;;;740;;;;;;;;;;;;;;;;;;;;;;;;;;;;;;;;;;;;
;;;;;;;;;;Tension-klb;;;541;;;;;;;;;;;;;;;;;;;;;;;;;;;;;;;;;;;;
;;;;;;;;;;PInterna-psi;;;1730;;;;;;;;;;;;;;;;;;;;;;;;;;;;;;;;;;;;
;;;;;;;;;;PPrueba-psi;;;1200;;;;;;;;;;;;;;;;;;;;;;;;;;;;;;;;;;;;
;;54.50;;0.380;12.615  12.495                15.514;;;;;Colapso-psi;;;;1130;;1130;;1140;;;;;;;;;;;;;;;;;;;;;1140;1140;;1140;;;;;
;;;;;;;;;;Tension-klb;;;;853;;853;;1008;;;;;;;;;;;;;;;;;;;;;1241;1474;;1706;;;;;
;;;;;;;;;;PInterna-psi;;;;2730;;2730;;3230;;;;;;;;;;;;;;;;;;;;;3980;4720;;5470;;;;;
;;;;;;;;;;PPrueba-psi;;;;1900;;1900;;3000;;;;;;;;;;;;;;;;;;;;;3600;4300;;5000;;;;;
;;61.00;;0.430;12.515  12.359                17.487;;;;;Colapso-psi;;;;1540;;1540;;1620;;;;;;;;;;;;;;;;;;;;;1670;1670;;1670;;;;;
;;;;;;;;;;Tension-klb;;;;962;;962;;1137;;;;;;;;;;;;;;;;;;;;;1399;1661;;1924;;;;;
;;;;;;;;;;PInterna-psi;;;;3090;;3090;;3660;;;;;;;;;;;;;;;;;;;;;4500;5340;;6190;;;;;
;;;;;;;;;;PPrueba-psi;;;;2100;;2100;;3300;;;;;;;;;;;;;;;;;;;;;4100;4900;;5700;;;;;
;;68.00;;0.480;12.415  12.259                19.445;;;;;Colapso-psi;;;;1950;;1950;;2100;;2260;2260;;2320;;2330;;2330;;2330;;;;2930;;2990;;3280;3530;2260;2330;2990;2330;;;;;
;;;;;;;;;;Tension-klb;;;;1069;;1069;;1264;;1556;1556;;1750;;1847;;1847;;2139;;;;1556;;1847;;2139;2722;1556;1847;1847;2139;;;;;
;;;;;;;;;;PInterna-psi;;;;3450;;3450;;4080;;5020;5020;;5650;;5970;;5970;;6910;;;;5020;;5970;;6910;8790;5020;5970;5970;6910;;;;;
;;;;;;;;;;PPrueba-psi;;;;2400;;2400;;3700;;4600;4600;;5200;;5500;;5500;;6300;;;;4600;;5500;;6300;8040;4600;5500;5500;6300;;;;;
;;72.00;;0.514;12.347  12.191  12.250  20.768;;;;;Colapso-psi;;;;;;;;;;2670;2670;;2780;;2820;;2820;;2880;;2880;;3660;;3720;;4110;4350;2670;2820;3720;2880;;;;;
;;;;;;;;;;Tension-klb;;;;;;;;;;1661;1661;;1869;;1973;;1973;;2284;;2596;;1661;;1973;;2284;2907;1661;1973;1973;2284;;;;;
;;;;;;;;;;PInterna-psi;;;;;;;;;;5380;5380;;6050;;6390;;6390;;7400;;8410;;5380;;6390;;7400;9420;5380;6390;6390;7400;;;;;
;;;;;;;;;;PPrueba-psi;;;;;;;;;;4900;4900;;5500;;5800;;5800;;6800;;7700;;4900;;5800;;6800;7700;4900;5800;5800;6800;;;;;
;;77.00;;0.550;;12.275  12.119                22.160;;;;;Colapso-psi;;;;;;;;;;3100;;3100;;3270;;3340;;3340;;3490;;3550;;4360;;4580;;4980;5320;3100;3340;4580;3490;;;
;;;;;;;;;;;Tension-klb;;;;;;;;;;1773;;1773;;1994;;2105;;2105;;2438;;2770;;1773;;2105;;2438;3102;1773;2105;2105;2438;;;
;;;;;;;;;;;PInterna-psi;;;;;;;;;;5760;;5760;;6480;;6840;;6840;;7920;;9000;;5750;;6840;;7920;10070;5760;6840;6840;7920;;;
;;;;;;;;;;;PPrueba-psi;;;;;;;;;;5300;;5300;;5900;;6300;;6300;;7200;;8200;;5300;;6300;;7200;9200;5300;6300;6300;7200;;;
;;85.00;;0.608;;12.159  12.003                24.386;;;;;Colapso-psi;;;;;;;;;;3870;;3870;;4060;;4180;;4180;;4480;;4690;;5670;;5970;;6460;7020;3870;4180;5970;4480;;;
;;;;;;;;;;;Tension-klb;;;;;;;;;;1951;;1951;;2195;;2317;;2317;;2682;;3084;;1951;;2317;;2682;3414;1951;2317;2317;2682;;;
;;;;;;;;;;;PInterna-psi;;;;;;;;;;6360;;6360;;7160;;7560;;7560;;8750;;9940;;6360;;7560;;8750;11140;6360;7560;7560;8750;;;
;;;;;;;;;;;PPrueba-psi;;;;;;;;;;5800;;5800;;6500;;6900;;6900;;8000;;9100;;5800;;6900;;8000;10000;5800;6900;6900;8000;;;
;13 5/8;88.20;;0.625;;12.375  12.219                25.525;;;;;Colapso-psi;;2800;;3360;;3360;;3660;;3980;;3980;;4130;;4260;;4260;;4570;;4800;;;;;;;;3980;4260;;4570;;;
;;;;;;;;;;;Tension-klb;;1021;;1404;;1404;;1659;;2042;;2042;;2297;;2425;;2425;;2808;;3191;;;;;;;;2042;2425;;2808;;;
;;;;;;;;;;;PInterna-psi;;3210;;4420;;4420;;5220;;6420;;6420;;7220;;7630;;7630;;8830;;10030;;;;;;;;6420;7630;;8830;;;
;;;;;;;;;;;PPrueba-psi;;2200;;3000;;3000;;4800;;5700;;5700;;6000;;6000;;6000;;6000;;6000;;;;;;;;5700;6000;;6000;;;
;16;65.00;;0.375;;15.250  15.063                18.408;;;;;Colapso-psi;;630;;;;;;;;;;;;;;;;;;;;;;;;;;;;;;;;;;
;;;;;;;;;;;Tension-klb;;736;;;;;;;;;;;;;;;;;;;;;;;;;;;;;;;;;;
;;;;;;;;;;;PInterna-psi;;1640;;;;;;;;;;;;;;;;;;;;;;;;;;;;;;;;;;
;;;;;;;;;;;PPrueba-psi;;1100;;;;;;;;;;;;;;;;;;;;;;;;;;;;;;;;;;
;;75.00;;0.438;15.124  14.937                21.414;;;;;Colapso-psi;;;;1020;;1020;;1020;;1020;1020;;;;;;;;1020;;;;;;;;;;;;;;;;;;
;;;;;;;;;;Tension-klb;;;;1178;;1178;;1392;;1713;1713;;;;;;;;2355;;;;;;;;;;;;;;;;;;
;;;;;;;;;;PInterna-psi;;;;2630;;2630;;3110;;3830;3830;;;;;;;;5270;;;;;;;;;;;;;;;;;;
;;;;;;;;;;PPrueba-psi;;;;1800;;1800;;2800;;3500;3500;;;;;;;;4800;;;;;;;;;;;;;;;;;;
;;84.00;;0.495;15.010  14.823                24.112;;;;;Colapso-psi;;;;1410;;1410;;1460;;1480;1480;;;;;;;;1480;;;;;;;;;;;;;;;;;;
;;;;;;;;;;Tension-klb;;;;1326;;1326;;1567;;1929;1929;;;;;;;;2652;;;;;;;;;;;;;;;;;;
;;;;;;;;;;PInterna-psi;;;;2980;;2980;;3520;;4330;4330;;;;;;;;5960;;;;;;;;;;;;;;;;;;
;;;;;;;;;;PPrueba-psi;;;;2000;;2000;;3200;;4000;4000;;;;;;;;5400;;;;;;;;;;;;;;;;;;
;;95.00;;0.566;14.868  14.681                27.444;;;;;Colapso-psi;;;;1890;;1890;;;;;;;;;;;;;;;;;;;;;;;;;;;;;;;
;;;;;;;;;;Tension-klb;;;;1509;;1509;;;;;;;;;;;;;;;;;;;;;;;;;;;;;;;
;;;;;;;;;;PInterna-psi;;;;3400;;3400;;;;;;;;;;;;;;;;;;;;;;;;;;;;;;;
;;;;;;;;;;PPrueba-psi;;;;2300;;2300;;;;;;;;;;;;;;;;;;;;;;;;;;;;;;;
;;109.00;;0.656;14.688  14.501                31.622;;;;;Colapso-psi;;;;2560;;2560;;;;3080;3080;;;;;;;;3470;;;;;;;;;;;;;;;;;;
;;;;;;;;;;Tension-klb;;;;1739;;1739;;;;2530;2530;;;;;;;;3478;;;;;;;;;;;;;;;;;;
;;;;;;;;;;PInterna-psi;;;;3950;;3950;;;;5740;5740;;;;;;;;7890;;;;;;;;;;;;;;;;;;
;;;;;;;;;;PPrueba-psi;;;;2700;;2700;;;;5200;5200;;;;;;;;5400;;;;;;;;;;;;;;;;;;
;;137.90;;0.843;;14.314  14.127                40.141;;;;;Colapso-psi;;;;4490;;4490;;;;5650;;5650;;;;;;;;;;;;;;;;;;;;;;;;
;;;;;;;;;;;Tension-klb;;;;2208;;2208;;;;3211;;3211;;;;;;;;;;;;;;;;;;;;;;;;
;;;;;;;;;;;PInterna-psi;;;;5070;;5070;;;;7380;;7380;;;;;;;;;;;;;;;;;;;;;;;;
;;;;;;;;;;;PPrueba-psi;;;;4600;;4600;;;;5400;;5400;;;;;;;;;;;;;;;;;;;;;;;;
;18 5/8;87.50;;0.435;;17.755  17.568                24.858;;;;;Colapso-psi;;630;;630;;630;;;;;;;;;;;;;;;;;;;;;;;;;;;;;;
;;;;;;;;;;;Tension-klb;;994;;1367;;1367;;;;;;;;;;;;;;;;;;;;;;;;;;;;;;
;;;;;;;;;;;PInterna-psi;;1630;;2250;;2250;;;;;;;;;;;;;;;;;;;;;;;;;;;;;;
;;;;;;;;;;;PPrueba-psi;;1100;;1500;;1500;;;;;;;;;;;;;;;;;;;;;;;;;;;;;;
;;121.00;;0.745;;17.135  16.948                41.848;;;;;Colapso-psi;;2110;;2400;;2400;;;;;;;;;;;;;;;;;;;;;;;;;;;;;;
;;;;;;;;;;;Tension-klb;;1674;;2302;;2302;;;;;;;;;;;;;;;;;;;;;;;;;;;;;;
;;;;;;;;;;;PInterna-psi;;2800;;3850;;3850;;;;;;;;;;;;;;;;;;;;;;;;;;;;;;
;;;;;;;;;;;PPrueba-psi;;1900;;2600;;2600;;;;;;;;;;;;;;;;;;;;;;;;;;;;;;
;20;94.00;;0.438;;19.124  18.937                26.918;;;;;Colapso-psi;;520;;520;;520;;;;;;;;;;;;;;;;;;;;;;;;;;;;;;
;;;;;;;;;;;Tension-klb;;1077;;1480;;1480;;;;;;;;;;;;;;;;;;;;;;;;;;;;;;
;;;;;;;;;;;PInterna-psi;;1530;;2110;;2110;;;;;;;;;;;;;;;;;;;;;;;;;;;;;;
;;;;;;;;;;;PPrueba-psi;;1100;;1400;;1400;;;;;;;;;;;;;;;;;;;;;;;;;;;;;;
;;106.50;;0.500    19.000  18.813                30.631;;;;;;;Colapso-psi;;;770        770;;;;;;;;;;;;;;;;;;;;;;;;;;;;;;;;;;;
;;;;;;;;;;;Tension-klb;;;1685     1685;;;;;;;;;;;;;;;;;;;;;;;;;;;;;;;;;;;
;;;;;;;;;;;PInterna-psi;;;2410     2410;;;;;;;;;;;;;;;;;;;;;;;;;;;;;;;;;;;
;;;;;;;;;;;PPrueba-psi;;;1600     1600;;;;;;;;;;;;;;;;;;;;;;;;;;;;;;;;;;;
;;133.00;;0.635    18.730  18.543                38.632;;;;;;;Colapso-psi;;;1500     1500;;;;;;;;;;;;;;;;;;;;;;;;;;;;;;;;;;;
;;;;;;;;;;;Tension-klb;;;2125     2125;;;;;;;;;;;;;;;;;;;;;;;;;;;;;;;;;;;
;;;;;;;;;;;PInterna-psi;;;3060     3060;;;;;;;;;;;;;;;;;;;;;;;;;;;;;;;;;;;
;;;;;;;;;;;PPrueba-psi;;;2100     2100;;;;;;;;;;;;;;;;;;;;;;;;;;;;;;;;;;;
